{
  "Items": [
    {
      "filename": "NAVIO_AppInitialized.str",
      "display": "Application Initialized",
      "type": "String",
      "show": "true"
    },
    {
      "filename": "NAVIOCaseID.str",
      "display": "Case ID",
      "type": "String",
      "show": "true"
    },
    {
      "filename": "NavRuntimeRoot.str",
      "display": "Runtime Root Directory",
      "type": "String",
      "show": "true"
    },
    {
      "filename": "NTKR_CUT_CutGuideDesign.str",
      "display": "Used Cut Guide Design",
      "type": "String",
      "show": "true"
    },
    {
      "filename": "NTKR_CUT_CutGuideManufacturer.str",
      "display": "Used Cut Guide Manufacturer",
      "type": "String",
      "show": "true"
    },
    {
      "filename": "NTKR_CUT_FemImpDesign.str",
      "display": "Used Femoral Implant Design",
      "type": "String",
      "show": "true"
    },
    {
      "filename": "NTKR_CUT_FemImpSize.str",
      "display": "Used Femoral Implant Size",
      "type": "String",
      "show": "true"
    },
    {
      "filename": "NTKR_CUT_FemurCutGuideSize.str",
      "display": "Used Femoral Cut Guide Size",
      "type": "String",
      "show": "true"
    },
    {
      "filename": "NTKR_CutGuideDesign.str",
      "display": "Planned Cut Guide Design",
      "type": "String",
      "show": "true"
    },
    {
      "filename": "NTKR_CutGuideManufacturer.str",
      "display": "Planned Cut Guide Manufacturer",
      "type": "String",
      "show": "true"
    },
    {
      "filename": "NTKR_CUT_ImpManu.str",
      "display": "Used Implant Manufacturer",
      "type": "String",
      "show": "true"
    },
    {
      "filename": "NTKR_CUT_TibiaCutGuideSize.str",
      "display": "Used Tibia Cut Guide Size",
      "type": "String",
      "show": "true"
    },
    {
      "filename": "NTKR_CUT_TibImpDesign.str",
      "display": "Used Tibia Implant Design",
      "type": "String",
      "show": "true"
    },
    {
      "filename": "NTKR_CUT_TibImpSize.str",
      "display": "Used Tibia Implant Size",
      "type": "String",
      "show": "true"
    },
    {
      "filename": "NTKR_CUT_TibImpThickness.str",
      "display": "Used Tibia Implant Thickness",
      "type": "String",
      "show": "true"
    },
    {
      "filename": "NTKR_FemImpDesign.str",
      "display": "Planned Femoral Implant Design",
      "type": "String",
      "show": "true"
    },
    {
      "filename": "NTKR_FemImpSize.str",
      "display": "Planned Femoral Implant Size",
      "type": "String",
      "show": "true"
    },
    {
      "filename": "NTKR_FemurCutGuideSize.str",
      "display": "Planned Femoral Cut Guide Size",
      "type": "String",
      "show": "true"
    },
    {
      "filename": "NTKR_ImpManu.str",
      "display": "Planned Implant Manufacturer",
      "type": "String",
      "show": "true"
    },
    {
      "filename": "NTKR_POSTOP_CutGuideDesign.str",
      "display": "Post Operative Cut Guide",
      "type": "String",
      "show": "true"
    },
    {
      "filename": "NTKR_POSTOP_CutGuideManufacturer.str",
      "display": "Post Operative Cut Guide Manufacturer",
      "type": "String",
      "show": "true"
    },
    {
      "filename": "NTKR_PostOP_FemImpDesign.str",
      "display": "Post Operative Femur Implant Design",
      "type": "String",
      "show": "true"
    },
    {
      "filename": "NTKR_PostOP_FemImpSize.str",
      "display": "Post Operative Femur Implant Size",
      "type": "String",
      "show": "true"
    },
    {
      "filename": "NTKR_POSTOP_FemurCutGuideSize.str",
      "display": "Post Operative Femur Cut Guide Size",
      "type": "String",
      "show": "true"
    },
    {
      "filename": "NTKR_PostOP_ImpManu.str",
      "display": "Post Operative Implant Manufacturer",
      "type": "String",
      "show": "true"
    },
    {
      "filename": "NTKR_POSTOP_TibiaCutGuideSize.str",
      "display": "Post Operative Tibia Cut Guide Size",
      "type": "String",
      "show": "true"
    },
    {
      "filename": "NTKR_PostOP_TibImpDesign.str",
      "display": "Post Operative Tibia Implant Design",
      "type": "String",
      "show": "true"
    },
    {
      "filename": "NTKR_PostOP_TibImpSize.str",
      "display": "Post Operative Tibia Implant Size",
      "type": "String",
      "show": "true"
    },
    {
      "filename": "NTKR_PostOP_TibImpThickness.str",
      "display": "Post Operative Tibia Implant Thickness",
      "type": "String",
      "show": "true"
    },
    {
      "filename": "NTKR_SurgeonID.str",
      "display": "Surgeon ID",
      "type": "String",
      "show": "true"
    },
    {
      "filename": "NTKR_TibiaCutGuideSize.str",
      "display": "Planned Tibia Cut Guide Size",
      "type": "String",
      "show": "true"
    },
    {
      "filename": "NTKR_TibImpDesign.str",
      "display": "Planned Tibia Implant Design",
      "type": "String",
      "show": "true"
    },
    {
      "filename": "NTKR_TibImpSize.str",
      "display": "Planned Tibia Implant Size",
      "type": "String",
      "show": "true"
    },
    {
      "filename": "NTKR_TibImpThickness.str",
      "display": "Planned Tibia Implant Thickness",
      "type": "String",
      "show": "true"
    },
    {
      "filename": "operative_proc.str",
      "display": "Operative Procedure",
      "type": "String",
      "show": "true"
    }
  ]
}